workload,baseline_ipc,helios_ipc,ideal_ipc,helios_norm,ideal_norm,helios_speedup_pct,ideal_speedup_pct
bc,2.095284966323228,2.026790266869552,2.2423837238525177,0.9673100792710456,1.0702046546859048,-3.268992072895438,7.0204654685904755
bfs,3.232093393915389,3.2069096523486142,3.8397553078899502,0.9922082259088847,1.188008773236108,-0.7791774091115311,18.8008773236108
dfs,3.2464179174055934,3.2014798799972533,3.859178295005952,0.9861576548209009,1.1887496906405852,-1.3842345179099103,18.874969064058522
pagerank,3.224061810506643,3.149775894838693,3.8119056617226983,0.9769589046258773,1.1823302051159121,-2.304109537412269,18.233020511591214
sssp_ego_fb,2.5102390285824177,2.4744044447202076,3.1497090438285964,0.9857246328121803,1.2547446709117978,-1.4275367187819743,25.474467091179775
appworld,1.0932629293289668,1.0496259253145455,1.302815988783621,0.9600855358361,1.1916767264607386,-3.9914464163899988,19.167672646073864
core_bench,2.146093164821578,2.0751156111844846,2.992204930494896,0.9669270864841534,1.3942567729782884,-3.3072913515846625,39.42567729782884
mlgym_fmnist,2.05176835238296,2.0291203417959185,2.7652601492119593,0.9889617117055451,1.3477448104706056,-1.1038288294454857,34.774481047060554
terminal_bench,1.7974154391342076,1.7863255425644335,2.139525258171096,0.9938300871749961,1.1903343053521773,-0.6169912825003898,19.033430535217732
duckdb,2.9077585242296378,2.9707591761282166,3.1252112070431113,1.0216663974582518,1.074783611156667,2.166639745825183,7.47836111566671
leveldb,1.7505831584129392,1.6916741886090265,2.1083028321850175,0.9663489451953148,1.2043431481977602,-3.365105480468522,20.434314819776024
rocksdb,1.6860826024281348,1.3852280777364432,2.0221633333235975,0.821565963459661,1.1993263736969182,-17.843403654033896,19.932637369691818
Average,,,,,,-3.1021231270590746,20.72086452419553
