workload,label,benchmark_suite,simpoints,total_slots,Frontend bound,Bad speculation,Retiring,Backend bound,Topdown sum
appworld,AppWorld,Agentic,3,1130644884.0,7.918550732417509,18.503449802660636,20.460773886862505,53.11722557805933,99.99999999999999
bc,betweenness centrality,GAP,11,5641675026.0,5.538788688333141,9.22106589588922,42.079028409189725,43.16111700658792,100.00000000000001
bfs,breadth first search,GAP,4,958643886.0,0.2749324775298997,0.49091630757053956,62.85939944256405,36.374751772335514,100.0
core_bench,Core Bench,Agentic,3,476289972.0,4.888849489660176,13.37059611544293,40.725512353680145,41.01504204121674,99.99999999999999
dfs,depth first search,GAP,4,890984688.0,0.25253670344170115,0.3553809112998591,63.1258178810021,36.266264504256334,100.0
duckdb,DuckDB,Database,2,268434846.0,6.506008029015952,3.7124640131644115,57.43426442202572,32.34726353579392,100.0
leveldb,LevelDB,Database,2,517379580.0,4.1031813124630085,13.17305982515993,33.325905545002364,49.39785331737469,99.99999999999999
mlgym_fmnist,MLGym FMNIST,Agentic,3,524141016.0,6.447419211098377,21.072764193797823,37.58028684468219,34.89952975042161,100.0
pagerank,pagerank,GAP,5,1522708278.0,0.4419777798763204,0.5416608360843075,62.84926254146775,36.16709884257162,100.0
rocksdb,RocksDB,Database,3,640449318.0,5.278166325947037,13.81326001876496,31.6601277901866,49.24844586510139,99.99999999999999
sssp_ego_fb,single source shortest path,GAP,5,713095788.0,0.7452187680409686,0.7610245068738035,48.26683138743553,50.226925337649696,100.0
terminal_bench,TerminalBench,Agentic,2,401646000.0,4.574191288570496,12.066875777397215,33.51559962321576,49.843333310816526,100.0
Average,Average,,47,13686093282.0,3.9141517338662157,8.92354318367547,44.4902341772762,42.6720709051821,99.99999999999999
