workload,label,cluster_id,weight,normalized_weight,total_slots,issued_slots,retired_slots,fetch_bubbles_slots,recovery_bubbles_slots,Frontend bound,Bad speculation,Retiring,Backend bound,Topdown sum
appworld,AppWorld,4,0.100654,0.100654,260065158.0,96804269.0,55995277.0,21599492.0,10341018.0,8.305415522059283,19.66815177910145,21.531249103349705,50.495183595489564,100.0
appworld,AppWorld,5,0.100654,0.100654,375377778.0,115777293.0,67184942.0,26382328.0,12627215.0,7.028207194513257,16.30878799650202,17.897953991298866,58.76505081768586,100.0
appworld,AppWorld,9,0.798692,0.798692,495201948.0,176098469.0,102253480.0,39527024.0,18427223.0,7.982000910868791,18.633248995215986,20.6488444589075,52.73590563500771,99.99999999999999
bc,betweenness centrality,120,0.398732,0.3987316889892826,86451720.0,75925054.0,74266280.0,516051.0,210681.0,0.5969239247061828,2.1624266122177787,85.90491895360786,11.335730509468178,100.0
bc,betweenness centrality,313,0.00521218,0.0052121759345027715,304627722.0,77043190.0,76725992.0,2647882.0,45773.0,0.8692189872332106,0.11915232061512773,25.18680555277894,73.82482313937273,100.0
bc,betweenness centrality,342,0.0364852,0.036485171541566205,328466628.0,198983389.0,62759903.0,91308765.0,36512417.0,27.798490688679646,52.588570124085784,19.106934358031648,0.5060048292029187,100.0
bc,betweenness centrality,466,0.110759,0.11075891360804739,664199310.0,169572457.0,88903989.0,28496181.0,8293956.0,4.290305721636477,13.393935022305278,13.38513721129882,68.93062204475942,100.0
bc,betweenness centrality,493,0.0833948,0.08339473495210675,649751028.0,124491252.0,68299003.0,44133659.0,6863438.0,6.792395409646048,9.704592110318293,10.511565208327765,72.9914472717079,100.0
bc,betweenness centrality,553,0.0201108,0.02011078431358824,535601166.0,117329312.0,65930778.0,65960389.0,7625836.0,12.315206386238524,11.020209392150576,12.309677832180075,64.35490638943082,100.0
bc,betweenness centrality,571,0.0247578,0.024757780688931065,684497316.0,154544644.0,72539146.0,23672848.0,8756064.0,3.458428170082116,13.259593555513662,10.597433226458406,72.68454504794582,100.0
bc,betweenness centrality,589,0.142032,0.1420318892151264,569136606.0,146278537.0,84130116.0,65700838.0,8275247.0,11.54394872994692,12.373772352291814,14.78206024934548,61.300218668415795,100.00000000000001
bc,betweenness centrality,641,0.058637,0.05863695426317568,664647726.0,140845141.0,70804846.0,26010629.0,7730542.0,3.913445872528269,11.701061172366066,10.652988527639978,73.73250442746568,100.0
bc,betweenness centrality,679,0.0951222,0.09512212580474189,635559336.0,120540652.0,67783892.0,46715133.0,6742580.0,7.350239443261046,9.361728579815875,10.665234252809402,72.62279772411368,100.0
bc,betweenness centrality,751,0.0247578,0.024757780688931065,518736468.0,129563911.0,81688620.0,70993250.0,7168654.0,13.685802788016051,10.611157764215644,15.747614644282152,59.95542480348615,100.0
bfs,breadth first search,17,0.885998,0.8859977342006797,166691358.0,105668576.0,105264723.0,324422.0,66716.0,0.1946243667893089,0.2822995778821359,63.14947833108421,36.373597724244334,100.0
bfs,breadth first search,94,0.0288912,0.0288911913326426,429708852.0,96421689.0,96047636.0,450255.0,57404.0,0.10478141139154379,0.10040682150061922,22.35179367447613,77.44301809263172,100.00000000000001
bfs,breadth first search,96,0.0674129,0.06741287977613607,127813800.0,105294793.0,103588011.0,1204251.0,181006.0,0.9421916882214597,1.4769829235966696,81.046030240866,16.534795147315876,100.00000000000001
bfs,breadth first search,103,0.0176982,0.017698194690541593,234429876.0,122007285.0,105939797.0,4762275.0,2255801.0,2.031428366237757,7.816106595560371,45.190399281702476,44.96206575649939,100.0
core_bench,Core Bench,4,0.1,0.1,140802720.0,70515169.0,56915111.0,6883604.0,4800687.0,4.888828852169901,13.068458478643027,40.42188318521119,41.62082948397589,100.0
core_bench,Core Bench,8,0.3,0.3,168134340.0,84931920.0,68315098.0,8157157.0,5799233.0,4.851571071085181,13.332228859375187,40.63125831403626,41.184941755503374,100.0
core_bench,Core Bench,9,0.6,0.6,167352912.0,85028042.0,68318888.0,8212831.0,5783305.0,4.907492138529386,13.440136016276789,40.82324423491358,40.82912761028023,99.99999999999999
dfs,depth first search,8,0.529412,0.5294118941176211,166884456.0,105629610.0,105254433.0,350435.0,79659.0,0.20998660294641222,0.2725454550422599,63.070243642104096,36.44722429990723,100.0
dfs,depth first search,28,0.372549,0.3725489254902149,166793088.0,105641326.0,105257411.0,358178.0,79640.0,0.21474391073088112,0.27792218823839987,63.106578493228696,36.40075540780202,100.0
dfs,depth first search,94,0.0294118,0.029411794117641173,429628464.0,96409437.0,96047636.0,468261.0,65223.0,0.10899208018954722,0.0993937869070053,22.355975929937454,77.43563820296599,100.0
dfs,depth first search,96,0.0686274,0.06862738627452274,127678680.0,105302375.0,103588011.0,1082027.0,232222.0,0.8474609856555534,1.5245975287338498,81.13179976484719,16.496141720763404,100.0
duckdb,DuckDB,5,0.299944,0.2999997999627931,124179090.0,74831269.0,71189648.0,8307706.0,981549.0,6.690100563629513,3.722985890780807,57.328208799082034,32.25870474650765,100.0
duckdb,DuckDB,6,0.69987,0.700000200037207,144255756.0,87142677.0,82917800.0,9271478.0,1124061.0,6.42711130362105,3.707954641338541,57.479716788562676,32.38521726647773,100.0
leveldb,LevelDB,5,0.59994,0.6,205773354.0,85981133.0,68533328.0,8482215.0,9675273.0,4.12211534443862,13.181044811078893,33.30524903627707,49.391590808205414,100.0
leveldb,LevelDB,9,0.39996,0.39999999999999997,311606226.0,130323215.0,103942147.0,12697269.0,14629684.0,4.074780264499593,13.16108234628149,33.356890308090314,49.4072470811286,100.0
mlgym_fmnist,MLGym FMNIST,6,0.363636,0.3636359636364036,173509428.0,93110159.0,65898344.0,10642318.0,7328781.0,6.13356756613825,19.907042745827045,37.97969064827993,35.97969903975478,100.0
mlgym_fmnist,MLGym FMNIST,8,0.0909091,0.09090909090909091,173516514.0,93369588.0,65904187.0,10760354.0,7411029.0,6.201342887743815,20.099775632882988,37.98150705125392,35.71737442811928,100.0
mlgym_fmnist,MLGym FMNIST,14,0.545455,0.5454549454545055,177115074.0,96915548.0,65970314.0,11862576.0,8041469.0,6.697665947958783,22.012075042240618,37.24714814505286,34.04311086474773,99.99999999999999
pagerank,pagerank,91,0.842556,0.8425563370225347,165332748.0,105707822.0,105263146.0,358264.0,81718.0,0.21669270264593918,0.3183845949261062,63.66745080653955,35.79747189588841,100.0
pagerank,pagerank,94,0.036239,0.0362390144956058,877575816.0,98760331.0,98550278.0,261407.0,40984.0,0.02978739787879478,0.028605733592822705,11.22983065431238,88.711776214216,100.0
pagerank,pagerank,97,0.0181195,0.0181195072478029,202960350.0,118875441.0,118356601.0,604545.0,84752.0,0.2978635974957671,0.29739404765512084,58.315134458528476,41.08960789632064,100.0
pagerank,pagerank,99,0.0634182,0.06341822536729014,139196460.0,105272194.0,103581447.0,1601402.0,241792.0,1.1504617286962613,1.3883535543935528,74.41385147294694,23.04733324396325,100.00000000000001
pagerank,pagerank,107,0.0396669,0.03966691586676634,137642904.0,106553864.0,104899005.0,6244731.0,4554012.0,4.536907329418159,4.510854406268558,76.21097924525046,14.741259019062824,100.0
rocksdb,RocksDB,7,0.272727,0.2727272727272727,213678012.0,86339226.0,67597156.0,11274990.0,10811895.0,5.2766262164588085,13.831074486035558,31.635054710261905,49.257244587243726,100.0
rocksdb,RocksDB,9,0.272727,0.2727272727272727,213124146.0,86310015.0,67596820.0,11245678.0,10810101.0,5.276585600957669,13.852628411235957,31.717110082871603,49.15367590493477,100.0
rocksdb,RocksDB,10,0.454545,0.45454545454545453,213647160.0,86272908.0,67600060.0,11280653.0,10765488.0,5.280038826633595,13.778950302920009,31.640982262530425,49.30002860791596,99.99999999999999
sssp_ego_fb,single source shortest path,90,0.326788,0.326788,64564776.0,35676547.0,35088649.0,612260.0,132470.0,0.9482879643228377,1.1157291090113903,54.34642722217452,43.58955570449124,99.99999999999999
sssp_ego_fb,single source shortest path,249,0.0771388,0.0771388,403994364.0,32139231.0,31766587.0,464394.0,71294.0,0.11495061351895493,0.10988717654486883,7.86312627866264,91.91203593127354,100.0
sssp_ego_fb,single source shortest path,293,0.0112202,0.0112202,85988688.0,39433364.0,39061475.0,465924.0,71239.0,0.5418433643271775,0.5153329005322189,45.4262949098607,53.516528825279906,100.0
sssp_ego_fb,single source shortest path,296,0.227209,0.227209,102119640.0,35069892.0,34693581.0,522601.0,71781.0,0.5117536646231812,0.43879120607945743,33.97346582890422,65.07598930039313,99.99999999999999
sssp_ego_fb,single source shortest path,297,0.357644,0.357644,56428320.0,34567303.0,34193232.0,479815.0,71591.0,0.850308852009062,0.7897842785324816,60.595871009450576,37.76403586000788,100.0
terminal_bench,TerminalBench,5,0.588372,0.588372,198009222.0,88530074.0,67134733.0,9253495.0,2836380.0,4.67326466239032,12.237672950404301,33.904851663929065,49.18421072327631,100.0
terminal_bench,TerminalBench,12,0.411628,0.411628,203636778.0,88401038.0,67117076.0,9026359.0,2791489.0,4.432577989423895,11.822742058902543,32.95921132674767,50.78546862492589,100.0
