workload,system,scale_factor,query,repetition,duration_seconds,exit_status,cpu_util_pct,cycles,instructions,backend_stalls,cache_misses,branches,branch_misses,ipc,backend_stall_pct,cache_miss_mpki,branch_mpki
postgres_tpch_sf10_q1,postgresql,10,1,1,76.53,0,20.978333333333335,1248910505622.0,2014257650945.0,206227603845.0,1524468279.0,368215211574.0,3233167613.0,1.612811840302225,16.51260061602986,0.7568387680120204,1.6051410361942235
postgres_tpch_sf10_q1,postgresql,10,1,2,73.03,0,13.28625,705489236373.0,1348662866122.0,188065939430.0,13196485346.0,233678035749.0,2351238881.0,1.9116703651718747,26.657520729425766,9.784865942031688,1.7433852003064694
postgres_tpch_sf10_q10,postgresql,10,10,1,15.42,0,5.084583333333332,56995205511.0,88238579315.0,17874310914.0,326692820.0,18647073097.0,259300533.0,1.548175474127733,31.361078100771618,3.702380778749282,2.9386299622337706
postgres_tpch_sf10_q10,postgresql,10,10,2,15.35,0,4.461666666666663,56729446843.0,88154643934.0,17969197322.0,332747700.0,18634941434.0,257083940.0,1.5539485900148107,31.675255659957607,3.774590709584432,2.9162835731317194
postgres_tpch_sf10_q11,postgresql,10,11,1,1.29,0,6.787916666666668,6805516641.0,6540256080.0,2443769656.0,40563800.0,1271063151.0,77960727.0,0.9610227151011679,35.90865741591829,6.202173050080326,11.920133714397311
postgres_tpch_sf10_q11,postgresql,10,11,2,1.29,0,7.246666666666667,7053866732.0,6688767659.0,2378397430.0,46077527.0,1296535574.0,80630555.0,0.9482412856846698,33.71764055607054,6.88879168018355,12.054620389079954
postgres_tpch_sf10_q12,postgresql,10,12,1,16.25,0,4.232916666666665,56901341344.0,107465228289.0,14360428625.0,270490590.0,25562082195.0,203432822.0,1.8886238136165088,25.237416703735132,2.5170056799450085,1.8930106532032847
postgres_tpch_sf10_q12,postgresql,10,12,2,15.94,0,4.213749999999998,56455314457.0,107572030069.0,14463584812.0,277980753.0,25609701001.0,207137676.0,1.905436735295023,25.61952749907433,2.584135976811952,1.9255718783696425
postgres_tpch_sf10_q13,postgresql,10,13,1,17.02,0,5.216250000000001,64216098873.0,63880007693.0,17505571663.0,430579517.0,13012368734.0,273211553.0,0.9947662473133928,27.260409726259955,6.740442472538761,4.2769492814250025
postgres_tpch_sf10_q13,postgresql,10,13,2,17.04,0,4.375000000000002,61418959907.0,62536877793.0,16265554243.0,412349505.0,12720368217.0,240834759.0,1.0182015111895861,26.482952931194447,6.593701501454809,3.851083832441625
postgres_tpch_sf10_q14,postgresql,10,14,1,3.25,0,9.202916666666669,22748097656.0,16115663451.0,9024903109.0,140043023.0,3275915530.0,226939398.0,0.708440050447443,39.67322123140089,8.68987016425378,14.081914696842226
postgres_tpch_sf10_q14,postgresql,10,14,2,3.25,0,5.045000000000002,11761000015.0,11256195065.0,4228294932.0,85186156.0,2196244220.0,102879672.0,0.9570780588932769,35.95183170314791,7.567935302123338,9.13982668263221
postgres_tpch_sf10_q15,postgresql,10,15,1,8.18,0,41.1475,265110273315.0,371861086507.0,28301423065.0,468275554.0,78158512215.0,891888424.0,1.4026656977761112,10.675340005165578,1.2592754955853254,2.39844516235288
postgres_tpch_sf10_q15,postgresql,10,15,2,7.02,0,6.390833333333336,26258278605.0,27995763483.0,9406431471.0,223833472.0,5183388476.0,181831541.0,1.066169032027452,35.82272704353462,7.9952622880215225,6.49496632268716
postgres_tpch_sf10_q16,postgresql,10,16,1,7.4,0,9.864583333333336,53374481739.0,88720341980.0,12076325611.0,200999679.0,17567477424.0,279382131.0,1.6622239521470288,22.625654090756246,2.2655422027713876,3.149019996597628
postgres_tpch_sf10_q16,postgresql,10,16,2,7.5,0,4.668750000000002,28291813792.0,57568444986.0,4587096985.0,126591638.0,11561514923.0,135290985.0,2.0348092705982137,16.213513275338613,2.198976158393468,2.3500892725676583
postgres_tpch_sf10_q17,postgresql,10,17,1,11.57,0,7.015833333333336,67114581356.0,93836625291.0,28217493362.0,383623838.0,16054754791.0,361772103.0,1.3981555631444174,42.04375977900274,4.088210086523582,3.855340085793751
postgres_tpch_sf10_q17,postgresql,10,17,2,11.55,0,5.062500000000001,40863579626.0,60613134341.0,14758997755.0,288874494.0,10887473173.0,174887383.0,1.483304568414121,36.11773097237274,4.765872894393438,2.8853050564273905
postgres_tpch_sf10_q18,postgresql,10,18,1,65.12,0,5.2025000000000015,255603655707.0,483638903459.0,92318660164.0,1318132017.0,86022817180.0,986516456.0,1.8921439214993003,36.11789507025887,2.725446624687717,2.039778952736028
postgres_tpch_sf10_q18,postgresql,10,18,2,64.77,0,4.9875,231138342320.0,451572280369.0,79739038864.0,1216534775.0,80993405702.0,818726251.0,1.9536883229171027,34.49840388385459,2.693997899972768,1.8130569270792751
postgres_tpch_sf10_q19,postgresql,10,19,1,1.56,0,7.815833333333335,7710349777.0,7389618230.0,2412820575.0,44488418.0,1688071555.0,105728953.0,0.9584024647031263,31.293270017366165,6.020394642227681,14.30776932031034
postgres_tpch_sf10_q19,postgresql,10,19,2,1.56,0,6.57875,7497401802.0,7255645092.0,2370514475.0,40590888.0,1641192247.0,103444281.0,0.9677546013426266,31.617812911769565,5.594387195806352,14.257075654659102
postgres_tpch_sf10_q2,postgresql,10,2,1,3.92,0,8.86875,27752897606.0,44612816087.0,7755414369.0,102308013.0,8972066203.0,162641274.0,1.6075011957437912,27.94452125000212,2.2932426592503794,3.645617745421658
postgres_tpch_sf10_q2,postgresql,10,2,2,3.95,0,6.422916666666668,15540652041.0,19518062003.0,4589562323.0,101814855.0,4103235975.0,137690389.0,1.2559358482196648,29.53262392653554,5.216442850952655,7.054511302343259
postgres_tpch_sf10_q20,postgresql,10,20,1,5.02,0,6.474166666666669,27842282156.0,29046746996.0,11430779892.0,479810711.0,5690734245.0,180300755.0,1.0432602770581592,41.05547033807597,16.518569568773888,6.207261523117513
postgres_tpch_sf10_q20,postgresql,10,20,2,5.01,0,6.352916666666668,18618625585.0,15098623223.0,8611392405.0,160632783.0,2988852577.0,137826778.0,0.8109418793599957,46.25149351484744,10.638902675265467,9.1284334978335
postgres_tpch_sf10_q21,postgresql,10,21,1,19.23,0,21.987083333333334,324461365661.0,519599812528.0,93011017984.0,9639606890.0,97772226933.0,1326626438.0,1.6014227501923366,28.66628444175961,18.551983002265892,2.553169585542357
postgres_tpch_sf10_q21,postgresql,10,21,2,19.29,0,4.389583333333332,70350693904.0,113247543529.0,16863849828.0,461983971.0,23368891784.0,314174250.0,1.6097573064956077,23.97112081227269,4.079417147637264,2.774225737793133
postgres_tpch_sf10_q22,postgresql,10,22,1,1.96,0,24.023750000000003,35852938367.0,56270058168.0,10026959803.0,1109445008.0,10641475232.0,183260295.0,1.5694685214362363,27.966912224491708,19.716436131763693,3.2567994590099354
postgres_tpch_sf10_q22,postgresql,10,22,2,1.96,0,7.072916666666668,9225086643.0,14447531479.0,2264408402.0,41943105.0,3095194717.0,74027747.0,1.5661133643620349,24.54620199928674,2.9031329719520453,5.123902800115158
postgres_tpch_sf10_q3,postgresql,10,3,1,16.86,0,4.770833333333331,60162961948.0,86840051289.0,21606279705.0,388945792.0,18032478348.0,230632266.0,1.443413829326713,35.912925503359894,4.478875659637797,2.6558283024553453
postgres_tpch_sf10_q3,postgresql,10,3,2,16.73,0,4.507499999999999,58560791575.0,85658471746.0,21916566365.0,368799772.0,17780164406.0,215799878.0,1.46272735463788,37.425324650762285,4.305467567686577,2.5193057219127564
postgres_tpch_sf10_q4,postgresql,10,4,1,3.01,0,5.302500000000001,13140893448.0,14833410352.0,4204183059.0,88364546.0,2954248177.0,131466847.0,1.1287977039535007,31.99312950551214,5.957129473471738,8.862887487116152
postgres_tpch_sf10_q4,postgresql,10,4,2,3.03,0,6.579166666666668,12789652515.0,14628681798.0,4162035578.0,82692256.0,2907550938.0,127726786.0,1.1437904025025811,32.54220998669564,5.652748288728619,8.731257386257628
postgres_tpch_sf10_q5,postgresql,10,5,1,13.53,0,4.269166666666665,48174102916.0,61161992114.0,19680329620.0,292841484.0,10738222940.0,191633561.0,1.2696031355404098,40.85250877284857,4.787965105096184,3.1332131995114496
postgres_tpch_sf10_q5,postgresql,10,5,2,13.5,0,4.352083333333334,49078403947.0,61756845572.0,21531307493.0,304966928.0,10887303474.0,202470681.0,1.2583303572522755,43.871246335255236,4.938188231205081,3.2785139707944926
postgres_tpch_sf10_q6,postgresql,10,6,1,5.87,0,4.795416666666669,22946743283.0,25896548096.0,8765180417.0,171355909.0,5202844168.0,187184914.0,1.1285500420090266,38.19792773597484,6.616940156069209,7.228180115206657
postgres_tpch_sf10_q6,postgresql,10,6,2,5.87,0,6.1329166666666675,22872816860.0,25889368675.0,8737865271.0,174281142.0,5200298418.0,187072280.0,1.1318837042880954,38.20196403653625,6.731764848645928,7.225833984149867
postgres_tpch_sf10_q7,postgresql,10,7,1,10.62,0,5.467083333333332,39394646313.0,40114574598.0,17177758386.0,357278769.0,7555664173.0,244857144.0,1.018274774680803,43.60429650648099,8.906457879222105,6.103944674816716
postgres_tpch_sf10_q7,postgresql,10,7,2,10.54,0,6.402916666666665,38756065004.0,39874863163.0,16425391180.0,351077436.0,7524282965.0,241930763.0,1.0288676922924072,42.38147288251463,8.804480019526832,6.067249986815961
postgres_tpch_sf10_q8,postgresql,10,8,1,4.04,0,4.951666666666667,16599891466.0,13706323207.0,7049517184.0,136008931.0,2756564764.0,162809768.0,0.8256875194077851,42.46724864700992,9.923079220146978,11.87844220081217
postgres_tpch_sf10_q8,postgresql,10,8,2,4.04,0,4.9645833333333345,16570561460.0,13778782093.0,6756982233.0,136572589.0,2770292035.0,162224761.0,0.831521739698493,40.777026471377035,9.911804111437586,11.773519597382604
postgres_tpch_sf10_q9,postgresql,10,9,1,32.31,0,4.331666666666667,114254026909.0,144371108252.0,38229424885.0,979198658.0,27497406302.0,437832242.0,1.2635975480057904,33.460024052761504,6.782511195320377,3.0326860221628493
postgres_tpch_sf10_q9,postgresql,10,9,2,32.04,0,4.610416666666667,114804191982.0,145022251065.0,38217227398.0,988157953.0,27607274685.0,445901245.0,1.2632138997828393,33.2890522011531,6.813836812925353,3.074709168596093
