workload,scale_factor,query,runs,mean_duration_seconds,duration_cv_pct,instruction_cv_pct,cycle_cv_pct,median_backend_stall_pct,mean_cpu_util_pct,eligible
postgres_tpch_sf10_q1,10,1,2,74.78,2.3401979138807167,19.792165216069517,27.805021540490475,21.585060672727813,17.132291666666667,False
postgres_tpch_sf10_q10,10,10,2,15.385,0.2274943126421849,0.047584243574661164,0.23368606761949143,31.51816688036461,4.773124999999998,True
postgres_tpch_sf10_q11,10,11,2,1.29,0.0,1.1226193400967182,1.791927420694779,34.81314898599442,7.017291666666667,True
postgres_tpch_sf10_q12,10,12,2,16.095,0.9630319975147578,0.049666639546805155,0.39347216433678994,25.42847210140473,4.223333333333332,True
postgres_tpch_sf10_q13,10,13,2,17.03,0.05871990604814906,1.0624608372816973,2.2264000137876163,26.8716813287272,4.795625000000001,True
postgres_tpch_sf10_q14,10,14,2,3.25,0.0,17.753520036498205,31.838264059373238,37.812526467274395,7.123958333333335,False
postgres_tpch_sf10_q15,10,15,2,7.6,7.631578947368423,85.99710697280783,81.97590067152501,23.2490335243501,23.769166666666667,False
postgres_tpch_sf10_q16,10,16,2,7.45,0.671140939597313,21.294794796022355,30.7136105340774,19.419583683047428,7.266666666666669,False
postgres_tpch_sf10_q17,10,17,2,11.56,0.08650519031141683,21.510872551151916,24.31139916744466,39.08074537568774,6.039166666666668,False
postgres_tpch_sf10_q18,10,18,2,64.945,0.26945877280776703,3.428810908649009,5.026341159417044,35.30814947705673,5.095000000000001,False
postgres_tpch_sf10_q19,10,19,2,1.56,0.0,0.9147881813688294,1.4002594262129746,31.455541464567865,7.1972916666666675,True
postgres_tpch_sf10_q2,10,2,2,3.935,0.381194409148669,39.13053248511976,28.208002495924333,28.73857258826883,7.645833333333334,False
postgres_tpch_sf10_q20,10,20,2,5.015,0.09970089730807366,31.59589262431144,19.85251046410458,43.65348192646171,6.413541666666669,False
postgres_tpch_sf10_q21,10,21,2,19.259999999999998,0.1557632398753861,64.21015512031312,64.36243919118797,26.31870262701615,13.188333333333333,False
postgres_tpch_sf10_q22,10,22,2,1.96,0.0,59.14020386973725,59.07058199220783,26.256557111889222,15.548333333333336,False
postgres_tpch_sf10_q3,10,3,2,16.795,0.3870199464126198,0.6849795129899502,1.3494943728254147,36.66912507706109,4.639166666666665,True
postgres_tpch_sf10_q4,10,4,2,3.0199999999999996,0.3311258278145699,0.6948880376779353,1.3545450739879588,32.26766974610389,5.940833333333335,True
postgres_tpch_sf10_q5,10,5,2,13.515,0.11098779134294992,0.4839400283946482,0.9298485562679556,42.3618775540519,4.310625,True
postgres_tpch_sf10_q6,10,6,2,5.87,0.0,0.01386365530950774,0.161342498202253,38.19994588625555,5.464166666666668,True
postgres_tpch_sf10_q7,10,7,2,10.579999999999998,0.3780718336483936,0.2996788597467487,0.8171151589519704,42.99288469449781,5.934999999999999,True
postgres_tpch_sf10_q8,10,8,2,4.04,0.0,0.26362964670904865,0.08842208475546699,41.622137559193476,4.958125000000001,True
postgres_tpch_sf10_q9,10,9,2,32.175,0.4195804195804244,0.22500267958351508,0.2401856941277459,33.374538126957304,4.471041666666666,True
