workload,cluster_id,trace_path,roi_begin,roi_end,full_warmup,inst_limit
bc,120,/proj/datacntr-effcy-PG0/Harry123/traces_lab/simpoint_traces/bc/traces_simp/trace/120.zip,50000001,60000000,0,10000000
bc,313,/proj/datacntr-effcy-PG0/Harry123/traces_lab/simpoint_traces/bc/traces_simp/trace/313.zip,50000001,60000000,0,10000000
bc,342,/proj/datacntr-effcy-PG0/Harry123/traces_lab/simpoint_traces/bc/traces_simp/trace/342.zip,50000001,60000000,0,10000000
bc,466,/proj/datacntr-effcy-PG0/Harry123/traces_lab/simpoint_traces/bc/traces_simp/trace/466.zip,50000001,60000000,0,10000000
bc,493,/proj/datacntr-effcy-PG0/Harry123/traces_lab/simpoint_traces/bc/traces_simp/trace/493.zip,50000001,60000000,0,10000000
bc,553,/proj/datacntr-effcy-PG0/Harry123/traces_lab/simpoint_traces/bc/traces_simp/trace/553.zip,50000001,60000000,0,10000000
bc,571,/proj/datacntr-effcy-PG0/Harry123/traces_lab/simpoint_traces/bc/traces_simp/trace/571.zip,50000001,60000000,0,10000000
bc,589,/proj/datacntr-effcy-PG0/Harry123/traces_lab/simpoint_traces/bc/traces_simp/trace/589.zip,50000001,60000000,0,10000000
bc,641,/proj/datacntr-effcy-PG0/Harry123/traces_lab/simpoint_traces/bc/traces_simp/trace/641.zip,50000001,60000000,0,10000000
bc,679,/proj/datacntr-effcy-PG0/Harry123/traces_lab/simpoint_traces/bc/traces_simp/trace/679.zip,50000001,60000000,0,10000000
bc,751,/proj/datacntr-effcy-PG0/Harry123/traces_lab/simpoint_traces/bc/traces_simp/trace/751.zip,50000001,60000000,0,10000000
bfs,103,/users/Harry123/hf_datacenter_traces/bfs/traces_simp/trace/103.zip,60000001,90000000,0,30000000
bfs,17,/users/Harry123/hf_datacenter_traces/bfs/traces_simp/trace/17.zip,60000001,90000000,0,30000000
bfs,94,/users/Harry123/hf_datacenter_traces/bfs/traces_simp/trace/94.zip,60000001,90000000,0,30000000
bfs,96,/users/Harry123/hf_datacenter_traces/bfs/traces_simp/trace/96.zip,60000001,90000000,0,30000000
cc,301,/proj/datacntr-effcy-PG0/Harry123/traces_lab/simpoint_traces/cc/traces_simp/trace/301.zip,50000001,60000000,0,10000000
cc,508,/proj/datacntr-effcy-PG0/Harry123/traces_lab/simpoint_traces/cc/traces_simp/trace/508.zip,50000001,60000000,0,10000000
cc,514,/proj/datacntr-effcy-PG0/Harry123/traces_lab/simpoint_traces/cc/traces_simp/trace/514.zip,50000001,60000000,0,10000000
cc,57,/proj/datacntr-effcy-PG0/Harry123/traces_lab/simpoint_traces/cc/traces_simp/trace/57.zip,50000001,60000000,0,10000000
cc,668,/proj/datacntr-effcy-PG0/Harry123/traces_lab/simpoint_traces/cc/traces_simp/trace/668.zip,50000001,60000000,0,10000000
cc,731,/proj/datacntr-effcy-PG0/Harry123/traces_lab/simpoint_traces/cc/traces_simp/trace/731.zip,50000001,60000000,0,10000000
cc,873,/proj/datacntr-effcy-PG0/Harry123/traces_lab/simpoint_traces/cc/traces_simp/trace/873.zip,50000001,60000000,0,10000000
cc,9,/proj/datacntr-effcy-PG0/Harry123/traces_lab/simpoint_traces/cc/traces_simp/trace/9.zip,50000001,60000000,0,10000000
cd,115,/proj/datacntr-effcy-PG0/Harry123/traces_16app_restore/extracted/cd/cd_p2pGnutella31/traces_simp/trace/115.zip,20000001,30000000,0,10000000
cd,4,/proj/datacntr-effcy-PG0/Harry123/traces_16app_restore/extracted/cd/cd_p2pGnutella31/traces_simp/trace/4.zip,20000001,30000000,0,10000000
cd,43,/proj/datacntr-effcy-PG0/Harry123/traces_16app_restore/extracted/cd/cd_p2pGnutella31/traces_simp/trace/43.zip,20000001,30000000,0,10000000
cd,61,/proj/datacntr-effcy-PG0/Harry123/traces_16app_restore/extracted/cd/cd_p2pGnutella31/traces_simp/trace/61.zip,20000001,30000000,0,10000000
cd,93,/proj/datacntr-effcy-PG0/Harry123/traces_16app_restore/extracted/cd/cd_p2pGnutella31/traces_simp/trace/93.zip,20000001,30000000,0,10000000
dfs,28,/proj/datacntr-effcy-PG0/Harry123/hpca2027_fix/traces/dfs/traces_simp/trace/28.zip,60000001,90000000,0,30000000
dfs,8,/proj/datacntr-effcy-PG0/Harry123/hpca2027_fix/traces/dfs/traces_simp/trace/8.zip,60000001,90000000,0,30000000
dfs,94,/proj/datacntr-effcy-PG0/Harry123/hpca2027_fix/traces/dfs/traces_simp/trace/94.zip,60000001,90000000,0,30000000
dfs,96,/proj/datacntr-effcy-PG0/Harry123/hpca2027_fix/traces/dfs/traces_simp/trace/96.zip,60000001,90000000,0,30000000
memcached,0,/proj/datacntr-effcy-PG0/Harry123/traces_lab/simpoint_traces/memcached/traces_simp/trace/0.zip,1,10000000,0,10000000
memcached,3,/proj/datacntr-effcy-PG0/Harry123/traces_lab/simpoint_traces/memcached/traces_simp/trace/3.zip,30000001,40000000,0,10000000
mongodb,1010,/proj/datacntr-effcy-PG0/Harry123/hpca2027_fix/traces/mongodb/traces_simp/trace/1010.zip,20000001,30000000,0,10000000
mongodb,1362,/proj/datacntr-effcy-PG0/Harry123/hpca2027_fix/traces/mongodb/traces_simp/trace/1362.zip,20000001,30000000,0,10000000
mongodb,4118,/proj/datacntr-effcy-PG0/Harry123/hpca2027_fix/traces/mongodb/traces_simp/trace/4118.zip,20000001,30000000,0,10000000
mongodb,5198,/proj/datacntr-effcy-PG0/Harry123/hpca2027_fix/traces/mongodb/traces_simp/trace/5198.zip,20000001,30000000,0,10000000
mysql,1172,/proj/datacntr-effcy-PG0/Harry123/hpca2027_fix/traces/mysql/traces_simp/trace/1172.zip,20000001,30000000,0,10000000
mysql,49,/proj/datacntr-effcy-PG0/Harry123/hpca2027_fix/traces/mysql/traces_simp/trace/49.zip,20000001,30000000,0,10000000
pagerank,107,/proj/datacntr-effcy-PG0/Harry123/hpca2027_fix/traces/pagerank/traces_simp/trace/107.zip,60000001,90000000,0,30000000
pagerank,91,/proj/datacntr-effcy-PG0/Harry123/hpca2027_fix/traces/pagerank/traces_simp/trace/91.zip,60000001,90000000,0,30000000
pagerank,94,/proj/datacntr-effcy-PG0/Harry123/hpca2027_fix/traces/pagerank/traces_simp/trace/94.zip,60000001,90000000,0,30000000
pagerank,97,/proj/datacntr-effcy-PG0/Harry123/hpca2027_fix/traces/pagerank/traces_simp/trace/97.zip,60000001,90000000,0,30000000
pagerank,99,/proj/datacntr-effcy-PG0/Harry123/hpca2027_fix/traces/pagerank/traces_simp/trace/99.zip,60000001,90000000,0,30000000
postgres,1490,/proj/datacntr-effcy-PG0/Harry123/hpca2027_fix/traces/postgres/traces_simp/trace/1490.zip,20000001,30000000,0,10000000
postgres,2031,/proj/datacntr-effcy-PG0/Harry123/hpca2027_fix/traces/postgres/traces_simp/trace/2031.zip,20000001,30000000,0,10000000
postgres,2215,/proj/datacntr-effcy-PG0/Harry123/hpca2027_fix/traces/postgres/traces_simp/trace/2215.zip,20000001,30000000,0,10000000
postgres,2807,/proj/datacntr-effcy-PG0/Harry123/hpca2027_fix/traces/postgres/traces_simp/trace/2807.zip,20000001,30000000,0,10000000
postgres,3954,/proj/datacntr-effcy-PG0/Harry123/hpca2027_fix/traces/postgres/traces_simp/trace/3954.zip,20000001,30000000,0,10000000
postgres,5168,/proj/datacntr-effcy-PG0/Harry123/hpca2027_fix/traces/postgres/traces_simp/trace/5168.zip,20000001,30000000,0,10000000
postgres,517,/proj/datacntr-effcy-PG0/Harry123/hpca2027_fix/traces/postgres/traces_simp/trace/517.zip,20000001,30000000,0,10000000
postgres,5297,/proj/datacntr-effcy-PG0/Harry123/hpca2027_fix/traces/postgres/traces_simp/trace/5297.zip,20000001,30000000,0,10000000
redis,0,/proj/datacntr-effcy-PG0/Harry123/traces_lab/simpoint_traces/redis_cluster037/traces_simp/trace/0.zip,1,10000000,0,10000000
redis,13,/proj/datacntr-effcy-PG0/Harry123/traces_lab/simpoint_traces/redis_cluster037/traces_simp/trace/13.zip,60000001,70000000,0,10000000
redis,2,/proj/datacntr-effcy-PG0/Harry123/traces_lab/simpoint_traces/redis_cluster037/traces_simp/trace/2.zip,20000001,30000000,0,10000000
redis,5,/proj/datacntr-effcy-PG0/Harry123/traces_lab/simpoint_traces/redis_cluster037/traces_simp/trace/5.zip,50000001,60000000,0,10000000
sssp_ego_fb,249,/proj/datacntr-effcy-PG0/Harry123/hpca2027_fix/traces/sssp_ego_fb/traces_simp/trace/249.zip,20000001,30000000,0,10000000
sssp_ego_fb,293,/proj/datacntr-effcy-PG0/Harry123/hpca2027_fix/traces/sssp_ego_fb/traces_simp/trace/293.zip,20000001,30000000,0,10000000
sssp_ego_fb,296,/proj/datacntr-effcy-PG0/Harry123/hpca2027_fix/traces/sssp_ego_fb/traces_simp/trace/296.zip,20000001,30000000,0,10000000
sssp_ego_fb,297,/proj/datacntr-effcy-PG0/Harry123/hpca2027_fix/traces/sssp_ego_fb/traces_simp/trace/297.zip,20000001,30000000,0,10000000
sssp_ego_fb,90,/proj/datacntr-effcy-PG0/Harry123/hpca2027_fix/traces/sssp_ego_fb/traces_simp/trace/90.zip,20000001,30000000,0,10000000
chemcrow,3,/proj/datacntr-effcy-PG0/Harry123/hpca2027_fix/traces/chemcrow/traces_simp/3.zip,30000001,40000000,0,10000000
chemcrow,4,/proj/datacntr-effcy-PG0/Harry123/hpca2027_fix/traces/chemcrow/traces_simp/4.zip,40000001,50000000,0,10000000
chemcrow,5,/proj/datacntr-effcy-PG0/Harry123/hpca2027_fix/traces/chemcrow/traces_simp/5.zip,50000001,60000000,0,10000000
langchain_web,6,/proj/datacntr-effcy-PG0/Harry123/hpca2027_fix/traces/langchain_web/traces_simp/6.zip,60000001,70000000,0,10000000
langchain_web,7,/proj/datacntr-effcy-PG0/Harry123/hpca2027_fix/traces/langchain_web/traces_simp/7.zip,60000001,70000000,0,10000000
langchain_web,8,/proj/datacntr-effcy-PG0/Harry123/hpca2027_fix/traces/langchain_web/traces_simp/8.zip,60000001,70000000,0,10000000
rag_haystack,0,/proj/datacntr-effcy-PG0/Harry123/hpca2027_fix/traces/rag_haystack/traces_simp/0.zip,1,10000000,0,10000000
rag_haystack,4,/proj/datacntr-effcy-PG0/Harry123/hpca2027_fix/traces/rag_haystack/traces_simp/4.zip,40000001,50000000,0,10000000
rag_haystack,7,/proj/datacntr-effcy-PG0/Harry123/hpca2027_fix/traces/rag_haystack/traces_simp/7.zip,60000001,70000000,0,10000000
swe_agent,0,/proj/datacntr-effcy-PG0/Harry123/hpca2027_fix/traces/swe_agent/traces_simp/0.zip,1,10000000,0,10000000
swe_agent,5,/proj/datacntr-effcy-PG0/Harry123/hpca2027_fix/traces/swe_agent/traces_simp/5.zip,50000001,60000000,0,10000000
swe_agent,7,/proj/datacntr-effcy-PG0/Harry123/hpca2027_fix/traces/swe_agent/traces_simp/7.zip,60000001,70000000,0,10000000
toolformer,0,/proj/datacntr-effcy-PG0/Harry123/hpca2027_fix/traces/toolformer/traces_simp/0.zip,1,10000000,0,10000000
toolformer,1,/proj/datacntr-effcy-PG0/Harry123/hpca2027_fix/traces/toolformer/traces_simp/1.zip,10000001,20000000,0,10000000
toolformer,2,/proj/datacntr-effcy-PG0/Harry123/hpca2027_fix/traces/toolformer/traces_simp/2.zip,20000001,30000000,0,10000000
tc,15,/proj/datacntr-effcy-PG0/Harry123/hpca2027_fix/traces/tc/traces_simp/trace/15.zip,60000001,90000000,0,30000000
tc,17,/proj/datacntr-effcy-PG0/Harry123/hpca2027_fix/traces/tc/traces_simp/trace/17.zip,60000001,90000000,0,30000000
tc,24,/proj/datacntr-effcy-PG0/Harry123/hpca2027_fix/traces/tc/traces_simp/trace/24.zip,60000001,90000000,0,30000000
tc,3,/proj/datacntr-effcy-PG0/Harry123/hpca2027_fix/traces/tc/traces_simp/trace/3.zip,60000001,90000000,0,30000000
feedsim,5,/proj/datacntr-effcy-PG0/Harry123/hpca2027_dcperf/bundles/feedsim/traces_simp/trace/5.zip,20000001,30000000,0,10000000
feedsim,6,/proj/datacntr-effcy-PG0/Harry123/hpca2027_dcperf/bundles/feedsim/traces_simp/trace/6.zip,20000001,30000000,0,10000000
feedsim,12,/proj/datacntr-effcy-PG0/Harry123/hpca2027_dcperf/bundles/feedsim/traces_simp/trace/12.zip,20000001,30000000,0,10000000
tao,9,/proj/datacntr-effcy-PG0/Harry123/hpca2027_dcperf/bundles/tao/traces_simp/trace/9.zip,20000001,30000000,0,10000000
tao,1,/proj/datacntr-effcy-PG0/Harry123/hpca2027_dcperf/bundles/tao/traces_simp/trace/1.zip,10000001,20000000,0,10000000
