workload,label,simpoints,total_slots,Frontend bound,Bad speculation,Retiring,Backend bound,Topdown sum
bc,betweenness centrality,11,982286526.0,5.9164397576465495,9.717158166971744,41.33984270840141,43.0265593669803,100.0
bfs,breadth first search,4,294938370.0,0.20393746150488834,0.4329808961931838,64.43185135398684,34.931230288315085,100.0
cc,connected components,8,224030028.0,6.63292593873778,2.4989776833901303,75.56588824187564,15.302208135996423,99.99999999999997
cd,community detection,5,79695402.0,0.8109590181149008,1.8817840887318744,90.14882116523496,7.1584357279182536,100.0
chemcrow,chemcrow,3,74293410.0,0.7988590615504672,2.951902062088384,46.93892635291012,49.31031252345104,100.00000000000001
dfs,depth first search,4,313121904.0,0.20006222695621034,0.4200460170201289,63.95111932247642,35.42877243354724,100.0
feedsim,feedsim,3,417697608.0,2.308373151607822,2.9635407514224723,6.599907824590197,88.1281782723795,99.99999999999999
langchain_web,langchain web,3,108974652.0,14.050983250126958,32.21737268662888,36.31064662869715,17.42099743454702,100.0
memcached,memcached,2,428839242.0,6.699959039590899,2.906407148959254,82.39350655302255,8.000127258427291,100.0
mongodb,mongodb,4,139883856.0,34.11842338089725,22.80533034872102,38.53851720186921,4.537729068512522,100.0
mysql,mysql,2,65077290.0,27.277873797842116,20.72161804579475,42.63030808445219,9.370200071910945,100.0
pagerank,pagerank,5,606618774.0,0.515119337545537,0.660300719033422,63.55767993667027,35.26690000675078,100.0
postgres,postgres,8,217004586.0,17.770005894980507,18.864462720557064,48.58204714808807,14.783484236374349,99.99999999999999
rag_haystack,rag haystack,3,59470428.0,0.3629325534039068,0.26068505686452353,68.38069583318882,30.995686556542736,99.99999999999999
redis,redis,4,280141908.0,6.998225714918672,6.891084662818536,67.10820863396651,19.00248098829628,100.0
sssp_ego_fb,single source shortest path,5,271007508.0,0.21905396352003872,0.28621289104061887,57.800024703192186,41.69470844224716,100.0
swe_agent,swe-agent,3,105567642.0,13.07896248198707,45.3174883689463,40.92805596276719,0.6754931862994409,100.0
tao,taobench,2,35508156.0,0.2926609970990281,0.08869115171371741,71.01203890953465,28.606608941652624,100.00000000000003
tc,triangle counting,4,286177458.0,0.6323212761231463,2.1766536347369034,86.64871272102872,10.542312368111212,99.99999999999997
toolformer,toolformer,3,90008820.0,0.01053459482089469,0.0005991302604427176,36.1076294823165,63.88123679260218,100.00000000000001
Average,Average,86,5080343568.0,6.944930644948732,8.703164811594666,56.4487214384135,27.90318310504312,100.00000000000003
