workload,display_name,trace_count,weighted_baseline_accesses,weighted_ifuse_accesses,weighted_ideal_accesses,ifuse_reduction_pct,ideal_reduction_pct
bc,BC,9,25681732.9,21332365.1,19141137.0,16.94,25.47
bfs,BFS,4,32385295.1,26527872.6,25369652.9,18.09,21.66
dfs,DFS,4,32289760.3,26331039.7,25255075.2,18.45,21.79
pagerank,PR,5,35977232.8,30008804.7,29091924.6,16.59,19.14
sssp_ego_fb,SSSP,5,21245345.1,18357014.0,17805985.2,13.60,16.19
rag_haystack,RAG,3,26853132.5,21054628.0,20149584.3,21.59,24.96
tao,Tao,2,6878894.6,4158896.8,4082479.5,39.54,40.65
mongodb,MongoDB,3,5559224.1,5325929.5,4257752.5,4.20,23.41
postgres,Postgres,3,67099673.7,65912010.6,65899099.7,1.77,1.79
