workload,display_name,trace_count,weighted_correct_predictions,weighted_resolved_predictions,weighted_incorrect_predictions,weighted_periodic_instructions,accuracy_pct,mpki
bc,BC,9,4221970.0,4221978.7,8.7,56789882.7,99.9998,0.000154
bfs,BFS,4,5867516.8,5867560.0,43.2,89141561.0,99.9993,0.000485
dfs,DFS,4,5955667.8,5955711.3,43.5,89621648.0,99.9993,0.000485
pagerank,PR,5,6044129.1,6044171.0,41.9,89999963.0,99.9993,0.000465
sssp_ego_fb,SSSP,5,2820932.8,2820963.8,31.0,29847241.0,99.9989,0.001038
rag_haystack,RAG,3,5797413.2,5797418.2,5.0,54075269.0,99.9999,0.000092
tao,Tao,2,2719987.9,2719990.8,2.9,18190639.2,99.9999,0.000158
mongodb,MongoDB,3,256918.0,256937.9,19.9,22125996.1,99.9923,0.000899
postgres,Postgres,3,1167632.7,1167651.0,18.4,21549431.8,99.9984,0.000852
