workload,system,repetition,throughput,errors,cpu_util_pct,cycles,instructions,backend_stalls,cache_misses,branches,branch_misses,ipc,backend_stall_pct,cache_miss_mpki,branch_mpki
mongodb_ycsb_a_10000r,mongodb,99,11682.242990654206,0,24.957083333333333,40007710260.0,23833285891.0,16209208575.0,1216468932.0,5849714994.0,164001874.0,0.5957173188896214,40.51521186706374,51.04075609059709,6.8812112081419246
mongodb_ycsb_a_10m,mongodb,1,84032.20113947665,0,88.20125,4074540593643.0,1542118903870.0,422239201968.0,163139742936.0,311827120373.0,28911380040.0,0.3784767554594932,10.362866494121262,105.78934122822517,18.74782804843771
mongodb_ycsb_a_10m,mongodb,2,78082.29874287499,0,83.8775,4164502411766.0,1628002401860.0,436180958394.0,164166773216.0,331575043428.0,29281328868.0,0.3909236304583214,10.473783306299802,100.83939251467856,17.98604770763603
mongodb_ycsb_c_10m,mongodb,1,97025.20714881727,0,81.70833333333333,3373491063912.0,1099189113971.0,341780796895.0,142422215126.0,233896700637.0,24794048301.0,0.3258313400410635,10.131368081902101,129.57025621503522,22.556671991980938
mongodb_ycsb_c_10m,mongodb,2,54880.52509686413,0,99.74624999999999,7248527734519.0,3208210031470.0,402754381782.0,183417413206.0,773724093853.0,28826535341.0,0.4426016080744004,5.556361188548672,57.17126104800509,8.9852394507325
mongodb_ycsb_e_10m,mongodb,1,26487.680579762353,249631,60.05416666666667,9191346108780.0,3840373678384.0,1209165506963.0,235853329840.0,789140902643.0,42266329092.0,0.4178249445655732,13.155477909899934,61.41416163940726,11.005785538501387
mongodb_ycsb_e_10m,mongodb,2,26492.171563303044,249754,55.96875,8602810509737.0,3451749365782.0,1202457766196.0,230272996623.0,692747406439.0,40246241132.0,0.4012350803118555,13.97749915373599,66.71196898180098,11.659664960315604
mongodb_ycsb_f_10m,mongodb,1,64031.14474880582,0,88.90499999999999,5402878596726.0,1876536816509.0,533611037942.0,224876614661.0,366378949639.0,40064972376.0,0.3473216699050264,9.876421029807222,119.83597267190706,21.350485651826723
mongodb_ycsb_f_10m,mongodb,2,56177.25046065346,0,90.15125,6274250896306.0,2404230240378.0,715615896485.0,229758168100.0,425034189670.0,39504202440.0,0.3831900062832208,11.405598984036848,95.56412869338037,16.431122850276203
mysql_tpcc_100w_32t,mysql,1,2177.709244336095,0,62.569583333333334,29716356535885.0,15184650439207.0,4310957634384.0,957700881926.0,3199583970598.0,238276723699.0,0.510986278579282,14.507019490017747,63.07032787881647,15.691946591260729
mysql_tpcc_100w_32t,mysql,2,2389.337259493497,0,68.33375,32722038696241.0,16510876367997.0,4685767026299.0,1051393222075.0,3452223675202.0,264129211142.0,0.5045796969213203,14.319911634470639,63.678825923069326,15.997285986221854
mysql_tpcc_100w_64t,mysql,1,1847.7727815690814,0,53.82958333333334,24799006062816.0,13014331980959.0,3514415237433.0,773563642749.0,2745655833331.0,190573555702.0,0.5247924835371883,14.171597154059198,59.439366068176604,14.64336056440117
mysql_tpcc_100w_64t,mysql,2,1756.4496694699844,0,52.34041666666667,24055134148543.0,12906422069060.0,3466409020946.0,743334573509.0,2720002929132.0,182865815759.0,0.5365350277974539,14.41026684590723,57.59416277660432,14.16859101465279
mysql_tpcc_1w_2t,mysql,99,387.9122082068608,0,6.98,67813231017.0,38947385143.0,13024831254.0,2894658836.0,8277415197.0,755480332.0,0.5743331287847991,19.20691737978806,74.32228955479071,19.397459655536906
mysql_tpcc_200w_64t,mysql,1,2110.7558740466684,0,58.82666666666666,27385931298903.0,14153877341813.0,3686552325248.0,872493379613.0,2976962891962.0,213956758356.0,0.5168302362016063,13.461482412305886,61.64341816326921,15.116476792117927
mysql_tpcc_200w_64t,mysql,2,1618.5608845352585,0,80.42416666666666,37967644646529.0,20533627009286.0,6261321247658.0,703376280050.0,3727816902270.0,163939197742.0,0.5408190895287255,16.491202722606626,34.25484838756979,7.983937648612257
