workload,system,runs,mean_throughput,throughput_cv_pct,median_backend_stall_pct,mean_cpu_util_pct,errors,eligible
mongodb_ycsb_a_10000r,mongodb,1,11682.242990654206,nan,40.51521186706374,24.957083333333333,0,False
mongodb_ycsb_a_10m,mongodb,2,81057.24994117582,3.670185209169795,10.418324900210532,86.039375,0,True
mongodb_ycsb_c_10m,mongodb,2,75952.8661228407,27.74397083567022,7.843864635225387,90.72729166666666,0,False
mongodb_ycsb_e_10m,mongodb,2,26489.926071532696,0.008476776281978508,13.566488531817962,58.01145833333334,499385,False
mongodb_ycsb_f_10m,mongodb,2,60104.197604729634,6.533565542129735,10.641010006922034,89.52812499999999,0,False
mysql_tpcc_100w_32t,mysql,2,2283.5232519147958,4.633804691499125,14.413465562244193,65.45166666666667,0,True
mysql_tpcc_100w_64t,mysql,2,1802.111225519533,2.533781234084742,14.290931999983215,53.08500000000001,0,True
mysql_tpcc_1w_2t,mysql,1,387.9122082068608,nan,19.20691737978806,6.98,0,False
mysql_tpcc_200w_64t,mysql,2,1864.6583792909635,13.197993664087871,14.976342567456257,69.62541666666667,0,False
